{"cameraMode":{"drawMode":0,"name":"Shaded","section":"Shading Mode"},"sceneLighting":true,"audioPlay":false,"sceneViewState":{"showFog":true,"showMaterialUpdate":false,"showSkybox":true,"showFlares":true,"showImageEffects":true,"showParticleSystems":true},"in2DMode":false,"pivot":{"x":1.611752986907959,"y":-1.7739830017089844,"z":-4.255651473999023},"rotation":{"x":-0.29384106397628786,"y":0.1553862988948822,"z":-0.04847563058137894,"w":-0.9418931603431702},"size":49.454315185546878,"orthographic":false}